{
    "average_time": 255.43842717647553,
    "iter_times": [
        214.54775619506836,
        295.2955265045166,
        449.8374025821686,
        178.1732051372528,
        364.9252128601074,
        179.44029927253723,
        159.39026188850403,
        478.1966030597687,
        289.3975353240967,
        235.12550711631775,
        211.5429801940918,
        267.61657977104187,
        272.2743389606476,
        136.86808705329895,
        199.59512758255005,
        398.6245629787445,
        301.799763917923,
        239.36364698410034,
        1368.8366725444794,
        117.68027997016907,
        107.9861249923706,
        275.1247138977051,
        175.6346206665039,
        193.9819188117981,
        267.73186230659485,
        455.99573159217834,
        189.7796185016632,
        175.9682321548462,
        244.29208993911743,
        229.35239219665527,
        396.12458515167236,
        282.2866516113281,
        133.61593890190125,
        124.43468356132507,
        166.9982554912567,
        128.85134077072144,
        251.57951283454895,
        236.52201342582703,
        363.3083574771881,
        439.8606221675873,
        1102.0429120063782,
        207.47748136520386,
        141.6090443134308,
        152.84183716773987,
        173.43328166007996,
        443.2067461013794,
        167.11929988861084,
        311.47652888298035,
        210.14958477020264,
        127.15723204612732,
        170.39567470550537,
        217.0404691696167,
        193.70665454864502,
        1066.5956873893738,
        334.26919746398926,
        226.014550447464,
        274.132043838501,
        300.1956925392151,
        140.06687450408936,
        125.33864760398865,
        202.72755336761475,
        270.81314730644226,
        166.12678503990173,
        187.9406864643097,
        209.0863778591156,
        171.2133014202118,
        352.57506251335144,
        438.3752098083496,
        188.78412508964539,
        204.97105193138123,
        331.0597987174988,
        186.16530394554138,
        237.9222559928894,
        141.39958143234253,
        229.02898621559143,
        170.2540078163147,
        294.4400849342346,
        168.5831229686737,
        282.93493604660034,
        155.46178126335144,
        188.05067658424377,
        310.2994408607483,
        177.46258544921875,
        152.30323719978333,
        136.40669107437134,
        147.94836044311523,
        199.02727150917053,
        133.0458447933197,
        138.35499143600464,
        132.33299207687378,
        146.59903573989868,
        352.5548098087311,
        169.46804904937744,
        157.65029454231262,
        199.82424354553223,
        117.73049926757812,
        237.56956028938293,
        240.6071355342865,
        155.72124099731445,
        178.79254055023193
    ]
}