{
    "average_time": 646.1293855500221,
    "iter_times": [
        534.9440088272095,
        906.2459795475006,
        443.9972457885742,
        556.766752243042,
        237.82734322547913,
        410.77896451950073,
        329.5219256877899,
        661.4028391838074,
        293.4168345928192,
        513.4496247768402,
        233.91810059547424,
        487.9524827003479,
        362.3213231563568,
        2904.8839721679688,
        432.38087821006775,
        360.81941294670105,
        329.3323872089386,
        580.9041254520416,
        484.32838010787964,
        276.4609920978546,
        246.79972553253174,
        1231.0820760726929,
        932.5596692562103,
        305.39417147636414,
        469.98879289627075,
        1521.6559402942657,
        443.70601177215576,
        1612.5936336517334,
        433.2867784500122,
        410.6142330169678,
        469.1960520744324,
        256.21381306648254,
        279.45814752578735,
        204.21176052093506,
        2318.2931253910065,
        341.23360419273376,
        680.0746307373047,
        344.27496123313904,
        1505.4126410484314,
        712.8916144371033,
        1353.9982905387878,
        293.15191435813904,
        304.44485569000244,
        421.1449091434479,
        971.2785966396332,
        721.1442165374756,
        1371.175841331482,
        867.9428513050079,
        499.27694940567017,
        421.66979908943176,
        332.2727921009064,
        601.5315070152283,
        573.593841791153,
        266.5644917488098,
        409.07416582107544,
        1703.1708145141602,
        312.88138461112976,
        1585.3683743476868,
        406.63770627975464,
        231.56099438667297,
        151.55742692947388,
        816.5089948177338,
        416.6539623737335,
        188.745019197464,
        402.7839035987854,
        263.65100479125977,
        481.26669907569885,
        451.5338611602783,
        578.3979842662811,
        363.07234144210815,
        399.34786224365234,
        2975.883255004883,
        1239.3364038467407,
        419.42551469802856,
        381.6724762916565,
        724.0234425067902,
        388.47139596939087,
        418.0772593021393,
        642.3126599788666,
        303.68001532554626,
        281.3396530151367,
        564.4305503368378,
        345.9083061218262,
        1296.7227070331573,
        1412.7077541351318,
        706.2338392734528,
        852.4925973415375,
        542.8585407733917,
        250.4737355709076,
        392.0251762866974,
        256.29799222946167,
        451.8775568008423,
        457.31175565719604,
        421.87521719932556,
        386.8809189796448,
        1291.4509017467499,
        1361.7738935947418,
        485.85839438438416,
        397.64187598228455,
        741.8964533805847
    ]
}