{
    "average_time": 96.26868726015091,
    "iter_times": [
        94.69226408004761,
        148.96926188468933,
        123.05902171134949,
        98.27239847183228,
        89.91531443595886,
        65.0640127658844,
        102.93438506126404,
        159.95939087867737,
        78.95924401283264,
        105.47629952430725,
        51.82344579696655,
        103.85548448562622,
        147.14963364601135,
        122.39958691596985,
        78.38597679138184,
        72.13379240036011,
        84.55054712295532,
        67.51216292381287,
        93.33553433418274,
        36.92598795890808
    ]
}