{
    "average_time": 4062.20104481434,
    "iter_times": [
        4487.67272400856,
        3684.380494117737,
        4412.445741891861,
        3111.039274930954,
        4424.828617572784,
        3045.618813753128,
        4470.483494520187,
        4423.517493963242,
        4431.402580499649,
        3742.423498392105,
        4438.7320811748505,
        4450.118103981018,
        4430.726240158081,
        4448.573253154755,
        2980.2427406311035,
        3892.4295313358307,
        4067.972533941269,
        4406.93452167511,
        4454.281961679459,
        4465.7830328941345,
        4437.738005161285,
        4430.260881185532,
        4459.855528116226,
        4474.308285236359,
        4450.65545630455,
        4479.061826705933,
        3815.806671857834,
        4505.662640571594,
        4497.65636920929,
        4510.424004077911,
        4447.429380655289,
        3856.119457960129,
        4408.432299375534,
        4395.932207584381,
        4408.625850200653,
        2148.614619255066,
        3777.564357995987,
        2520.724280834198,
        2936.991365671158,
        3854.693187713623,
        4420.241482973099,
        2145.519721508026,
        3713.868763923645,
        3687.9111938476562,
        2302.605843067169,
        2575.251945734024,
        3093.6034684181213,
        2363.5375797748566,
        3543.054792165756,
        1833.9406068325043,
        2884.9903769493103,
        2681.362941503525,
        4348.876065969467,
        5241.740229129791,
        7116.480772972107,
        7191.985177993774,
        6130.474384307861,
        7246.051842212677
    ]
}