{
    "average_time": 198.514885225296,
    "iter_times": [
        145.2625286579132,
        313.173668384552,
        240.3429160118103,
        153.52346229553223,
        196.45098090171814,
        181.08570623397827,
        186.97720074653625,
        357.8087205886841,
        211.55211424827576,
        292.99198627471924,
        163.36540126800537,
        221.43409705162048,
        212.2278561592102,
        111.25257515907288,
        230.4264121055603,
        344.80547404289246,
        292.8347053527832,
        214.0863015651703,
        395.83326172828674,
        125.61567378044128,
        105.31464314460754,
        211.61462664604187,
        168.55698704719543,
        173.24010491371155,
        148.52120113372803,
        592.2131016254425,
        156.01633405685425,
        178.46552777290344,
        271.0012254714966,
        172.05058598518372,
        223.5836536884308,
        241.884015083313,
        127.00841784477234,
        100.89724016189575,
        173.7455141544342,
        102.568443775177,
        258.0116958618164,
        213.33129739761353,
        393.59158992767334,
        261.4678564071655,
        235.0147261619568,
        210.80355858802795,
        144.92909908294678,
        124.07573246955872,
        122.77943754196167,
        287.83266019821167,
        67.85617303848267,
        250.46305775642395,
        260.2987411022186,
        134.81634259223938,
        163.5003161430359,
        160.09825205802917,
        198.72875881195068,
        178.73816537857056,
        265.87173223495483,
        233.95533204078674,
        169.27719020843506,
        295.9363486766815,
        116.80168104171753,
        116.87395453453064,
        144.24619007110596,
        375.6047782897949,
        115.70630741119385,
        118.25566911697388,
        184.62340641021729,
        155.5849871635437,
        235.44624042510986,
        391.97333788871765,
        111.6803994178772,
        217.534681558609,
        240.9444420337677,
        142.3913872241974,
        158.73806023597717,
        138.44786429405212,
        174.47189831733704,
        138.31583499908447,
        214.08608603477478,
        150.51977372169495,
        230.32101893424988,
        200.04341793060303,
        140.52617025375366,
        255.93698692321777,
        167.574969291687,
        100.27609491348267,
        347.9969148635864,
        134.95601511001587,
        197.40373492240906,
        98.22245907783508,
        108.45477247238159,
        100.92795324325562,
        121.14689755439758,
        241.84374570846558,
        127.82933378219604,
        165.1969850063324,
        192.11292099952698,
        106.11939907073975,
        197.26354932785034,
        283.5463263988495,
        132.42779421806335,
        190.00335359573364
    ]
}