{
    "average_time": 102.64754209756852,
    "iter_times": [
        96.51978540420532,
        148.0837697982788,
        118.64562797546387,
        104.67023944854736,
        115.97269678115845,
        70.64245843887329,
        115.3167519569397,
        222.10711455345154,
        110.8430392742157,
        105.30862307548523,
        53.92314028739929,
        134.33159041404724,
        142.68671202659607,
        135.67784070968628,
        86.67280673980713,
        76.69107627868652,
        156.87567901611328,
        64.7256543636322,
        146.80549693107605,
        43.74093198776245,
        56.744301557540894,
        152.07430410385132,
        90.90136814117432,
        144.39635944366455,
        110.49276375770569,
        162.39133477210999,
        131.68416213989258,
        87.2065041065216,
        134.28657865524292,
        195.62937474250793,
        251.65853142738342,
        124.2132830619812,
        91.0746865272522,
        121.51021981239319,
        106.46716976165771,
        29.228984117507935,
        114.500648021698,
        76.2226767539978,
        198.14696741104126,
        116.69776058197021,
        109.3469386100769,
        107.38816142082214,
        77.91839456558228,
        99.14729356765747,
        103.07005310058594,
        144.2351951599121,
        80.97198820114136,
        99.2136561870575,
        213.54998636245728,
        94.06166410446167,
        51.90506839752197,
        40.17662858963013,
        55.333245038986206,
        56.3773295879364,
        83.90821385383606,
        96.63590884208679,
        58.05917954444885,
        88.65940737724304,
        40.89641237258911,
        80.15730309486389,
        78.47487711906433,
        159.6931734085083,
        80.18405508995056,
        82.84817624092102,
        131.93633651733398,
        114.10451984405518,
        76.52672839164734,
        111.12664484977722,
        73.90002250671387,
        85.37930917739868,
        66.75814294815063,
        70.36929440498352,
        156.1056923866272,
        53.35456585884094,
        130.75959277153015,
        66.66700100898743,
        125.05225014686584,
        55.932833433151245,
        151.50291538238525,
        123.20942997932434,
        64.93939971923828,
        135.594313621521,
        91.84978437423706,
        52.539555311203,
        89.67298412322998,
        98.28955030441284,
        110.12446880340576,
        79.74967694282532,
        110.35585689544678,
        55.78434634208679,
        85.91739225387573,
        100.10701441764832,
        89.36876320838928,
        101.04399871826172,
        72.60702896118164,
        70.87579894065857,
        80.50323915481567,
        82.70550727844238,
        82.19279456138611,
        89.86613202095032
    ]
}