{
    "average_time": 4545.174520399056,
    "iter_times": [
        4362.540699481964,
        4323.801776170731,
        4251.808095216751,
        4246.429103136063,
        4270.777366638184,
        4298.912219762802,
        4276.736142873764,
        4264.105209827423,
        4288.311350822449,
        4289.584783315659,
        4296.784594297409,
        4280.672156095505,
        4284.717423915863,
        4278.722266435623,
        4273.450908660889,
        4254.537384033203,
        4285.943201303482,
        4280.100780725479,
        4280.924173116684,
        4281.925800561905,
        4273.798518896103,
        4276.570786476135,
        4297.299692392349,
        4292.464898586273,
        4288.517558813095,
        4282.408868312836,
        4343.2334587574005,
        4339.303105831146,
        4315.187439918518,
        4311.52813577652,
        4271.286218881607,
        4248.437350273132,
        4238.282443284988,
        4257.109233379364,
        4254.077787876129,
        4260.754161834717,
        4239.4390234947205,
        4243.655425310135,
        4252.392588376999,
        4248.578158855438,
        4249.686808109283,
        4253.747655391693,
        4252.069003105164,
        4304.532847642899,
        4265.743084907532,
        4299.123043298721,
        6413.158050537109,
        7040.154885292053,
        7283.936412096024,
        7086.299272298813,
        7150.33918595314
    ]
}