{
    "average_time": 102.61357064723968,
    "iter_times": [
        92.51357316970825,
        139.4008674621582,
        132.99897527694702,
        114.36135363578796,
        108.35768866539001,
        67.86099863052368,
        101.43784809112549,
        229.91695308685303,
        103.84783506393433,
        117.7656819820404,
        60.1803343296051,
        143.11683416366577,
        171.5722587108612,
        106.69231653213501,
        83.10259103775024,
        71.16913723945618,
        157.8979241847992,
        49.175758838653564,
        138.63751125335693,
        40.35416626930237,
        63.219311237335205,
        167.63104724884033,
        87.04291462898254,
        167.47045493125916,
        114.0810866355896,
        144.99671339988708,
        125.76560878753662,
        79.69242548942566,
        149.16645312309265,
        189.37170958518982,
        229.2990846633911,
        115.66246104240417,
        84.88507294654846,
        107.1241226196289,
        108.08574724197388,
        22.345736026763916,
        108.14780735969543,
        77.71404504776001,
        192.77198386192322,
        142.29599261283875,
        103.42360782623291,
        98.47609877586365,
        63.670361280441284,
        80.35528659820557,
        100.80251288414001,
        133.44070649147034,
        47.12888765335083,
        103.51554322242737,
        215.8011977672577,
        83.18383884429932,
        64.29124045372009,
        38.71129298210144,
        61.90363788604736,
        42.26778435707092,
        93.33545255661011,
        113.49060082435608,
        82.29705286026001,
        148.9385335445404,
        48.905335426330566,
        77.38609385490417,
        97.79996347427368,
        143.29342579841614,
        80.6584107875824,
        94.54891633987427,
        147.5374584197998,
        109.71851825714111,
        79.79023385047913,
        131.0796182155609,
        55.122490644454956,
        95.04567575454712,
        81.28636145591736,
        67.31725597381592,
        171.30184173583984,
        55.751736879348755,
        106.74385952949524,
        74.327960729599,
        140.98806977272034,
        44.471882581710815,
        162.51327514648438,
        99.15209007263184,
        84.60678958892822,
        124.45077586174011,
        84.00096392631531,
        61.64336538314819,
        105.35165524482727,
        107.07963371276855,
        98.431467294693,
        72.14042592048645,
        102.78330302238464,
        44.14616060256958,
        87.25734281539917,
        81.97896409034729,
        83.58553719520569,
        97.65078544616699,
        69.94687008857727,
        57.554986000061035,
        116.75857186317444,
        69.55179786682129,
        96.07696413993835,
        69.45620703697205
    ]
}