{
    "average_time": 718.6494141125679,
    "iter_times": [
        329.6006987094879,
        562.2748908996582,
        1362.709332704544,
        431.6900243759155,
        396.97522735595703,
        299.77728509902954,
        1212.3552582263947,
        588.1584713459015,
        355.39463663101196,
        365.8389182090759,
        484.53956484794617,
        1680.711673259735,
        474.9250910282135,
        442.931476354599,
        703.4606645107269,
        393.295658826828,
        428.13652992248535,
        512.5473639965057,
        958.9586918354034,
        301.15156745910645,
        305.22632455825806,
        811.9114010334015,
        1516.4340813159943,
        700.9619081020355,
        739.7256133556366,
        414.48110461235046,
        991.234831571579,
        1506.4262232780457,
        1390.6276500225067,
        486.3764281272888,
        589.4004154205322,
        461.7584910392761,
        579.4063894748688,
        480.71301341056824,
        334.16352915763855,
        326.61730122566223,
        582.6545958518982,
        262.40345573425293,
        371.5699050426483,
        493.84264612197876,
        514.2770631313324,
        881.2948307991028,
        421.4781835079193,
        328.5021855831146,
        351.1988706588745,
        1554.3372964859009,
        509.19957518577576,
        518.5118565559387,
        476.8827438354492,
        252.8335998058319,
        369.7745404243469,
        288.6265196800232,
        2327.5077855587006,
        477.8550970554352,
        470.36951518058777,
        523.7968909740448,
        909.3251423835754,
        4385.144320487976,
        497.5519471168518,
        211.43390464782715,
        409.7332844734192,
        534.3659076690674,
        442.39900517463684,
        309.2293291091919,
        694.4878511428833,
        502.8253433704376,
        440.230929851532,
        672.1918656826019,
        272.7561388015747,
        1220.4805912971497,
        596.108336687088,
        793.0824618339539,
        1382.9931471347809,
        306.79399585723877,
        577.9146747589111,
        4087.9084842205048,
        323.5890634059906,
        446.4935085773468,
        450.2350685596466,
        541.4013893604279,
        319.13873171806335,
        378.911940574646,
        388.71442675590515,
        636.231109380722,
        522.0344421863556,
        2552.964319705963,
        1490.0691800117493,
        345.208251953125,
        357.7959306240082,
        462.01276326179504,
        462.4663395881653,
        870.5131685733795,
        543.2192668914795,
        342.66785287857056,
        409.8940324783325,
        1208.0739970207214,
        2412.8196680545807,
        301.0061650276184,
        508.8386607170105,
        445.8705837726593
    ]
}