{
    "average_time": 259.1291521048546,
    "iter_times": [
        180.32625150680542,
        304.51497411727905,
        415.3609268665314,
        147.2580909729004,
        404.40389680862427,
        195.09041261672974,
        161.299329996109,
        489.2708549499512,
        212.24363684654236,
        311.31122040748596,
        221.50103211402893,
        274.6841537952423,
        249.20076203346252,
        208.56561422348022,
        225.13206911087036,
        441.98496747016907,
        180.71062922477722,
        292.7249939441681,
        373.10441184043884,
        121.45706176757812,
        115.99821209907532,
        288.069420337677,
        266.1851749420166,
        254.64346599578857,
        275.6262254714966,
        411.13592052459717,
        214.63911056518555,
        214.95842146873474,
        475.7904968261719,
        182.79465556144714,
        244.05724787712097,
        375.55798077583313,
        143.94277358055115,
        171.93937611579895,
        184.10735535621643,
        203.14754724502563,
        341.6790292263031,
        199.07261848449707,
        341.13815689086914,
        274.1629354953766,
        233.4517252445221,
        319.4221179485321,
        199.2339096069336,
        234.81273126602173,
        188.80645871162415,
        1475.2953851222992,
        315.5522015094757,
        301.3459825515747,
        228.34276604652405,
        197.10190534591675,
        135.06986689567566,
        251.83260130882263,
        137.30683636665344,
        319.1805808544159,
        313.62974548339844,
        242.60110592842102,
        210.42211389541626,
        169.44594621658325,
        174.49584865570068,
        175.06755876541138,
        165.80645179748535,
        572.5229454040527,
        140.79042673110962,
        160.41422533988953,
        233.3409402370453,
        145.86337399482727,
        261.6404597759247,
        368.90967774391174,
        305.9450776576996,
        187.1120207309723,
        187.2034568786621,
        236.33196187019348,
        316.3006920814514,
        122.17604804039001,
        252.97501015663147,
        179.9189932346344,
        289.021244764328,
        211.26354026794434,
        267.1327700614929,
        229.73567414283752,
        138.88353395462036,
        492.22893142700195,
        213.42429900169373,
        183.2616310119629,
        128.9065294265747,
        187.53835463523865,
        247.88416957855225,
        176.13335371017456,
        148.77664613723755,
        231.21954727172852,
        175.68837022781372,
        646.4892585277557,
        202.06402969360352,
        173.18833327293396,
        179.66173720359802,
        204.29854559898376,
        135.58408761024475,
        339.9239957332611,
        172.7808005809784,
        289.3652617931366
    ]
}