{
    "average_time": 204.33452716112137,
    "iter_times": [
        148.14349102973938,
        308.69852113723755,
        203.48272895812988,
        124.91304612159729,
        492.38563561439514,
        190.6835160255432,
        165.47530007362366,
        343.67018961906433,
        183.81146502494812,
        234.75665521621704,
        165.232519865036,
        197.9707498550415,
        129.32246446609497,
        198.97558403015137,
        201.10045218467712,
        267.703622341156,
        198.36954498291016,
        199.13787031173706,
        307.3388307094574,
        146.14972615242004,
        103.1983048915863,
        204.16680765151978,
        178.39129161834717,
        167.09881782531738,
        160.5108528137207,
        348.5196866989136,
        141.4759590625763,
        149.88624095916748,
        250.10044121742249,
        147.6208233833313,
        258.28212308883667,
        222.65700030326843,
        120.13173127174377,
        145.17954111099243,
        141.55589151382446,
        148.61157774925232,
        281.7384190559387,
        244.23357892036438,
        234.38987946510315,
        231.94936299324036,
        254.2149863243103,
        192.45854377746582,
        143.80995726585388,
        176.40802431106567,
        129.13950872421265,
        302.7404878139496,
        153.27647423744202,
        204.57200026512146,
        226.73255801200867,
        158.61632347106934,
        127.12141060829163,
        160.88986921310425,
        208.97727823257446,
        263.411643743515,
        212.58388209342957,
        250.77662587165833,
        132.47088360786438,
        112.0942451953888,
        108.71391987800598,
        118.06886434555054,
        150.31464910507202,
        1668.0926656723022,
        107.70764589309692,
        111.21259951591492,
        199.95953512191772,
        118.75615954399109,
        201.1676323413849,
        273.7612609863281,
        256.145715713501,
        191.43609929084778,
        171.46984791755676,
        131.0562174320221,
        202.35303020477295,
        91.27408862113953,
        177.3518545627594,
        121.42409229278564,
        248.09913420677185,
        171.1017565727234,
        208.22018694877625,
        191.36033701896667,
        114.31724214553833,
        338.878701210022,
        198.00759315490723,
        106.32600951194763,
        254.95500087738037,
        131.72574186325073,
        153.7568051815033,
        155.2858338356018,
        129.12443470954895,
        116.81007146835327,
        106.57447624206543,
        410.0576150417328,
        141.15313720703125,
        155.2024209499359,
        201.97669506072998,
        127.0511224269867,
        109.03292059898376,
        279.4716601371765,
        124.51364541053772,
        162.86934781074524
    ]
}