{
    "average_time": 102.34357326030731,
    "iter_times": [
        96.9064507484436,
        165.76045417785645,
        165.07331800460815,
        119.08528852462769,
        91.45024633407593,
        58.84987831115723,
        94.16759037971497,
        167.10563850402832,
        106.94200205802917,
        124.83015489578247,
        62.41236114501953,
        113.86733937263489,
        151.7018096446991,
        100.59413480758667,
        72.35565900802612,
        87.09154319763184,
        89.06812572479248,
        40.06438374519348,
        104.07774877548218,
        35.46733784675598
    ]
}