{
    "average_time": 306.26814265727995,
    "iter_times": [
        272.2755973339081,
        282.4150764942169,
        262.36511611938477,
        233.31763410568237,
        263.58732295036316,
        311.59112095832825,
        313.6088376045227,
        253.0334975719452,
        241.0278890132904,
        378.7152523994446,
        246.487868309021,
        353.1713442802429,
        332.5578474998474,
        289.858699798584,
        299.5545403957367,
        264.84092831611633,
        282.96241426467896,
        291.5050594806671,
        297.23849725723267,
        299.2910535335541,
        291.37201166152954,
        238.16877627372742,
        233.10518717765808,
        293.83167934417725,
        269.5528953075409,
        270.561806678772,
        244.3687665462494,
        289.4338572025299,
        261.92089009284973,
        285.65935349464417,
        256.4766538143158,
        287.9479308128357,
        336.0189046859741,
        359.5278673171997,
        350.36934328079224,
        267.39419198036194,
        328.168359041214,
        318.139573097229,
        362.6807417869568,
        277.5485963821411,
        368.16138195991516,
        327.84204268455505,
        222.944997549057,
        368.83395648002625,
        274.42143297195435,
        397.13978242874146,
        327.7940514087677,
        264.1089177131653,
        314.1473822593689,
        268.2481806278229,
        391.74720001220703,
        372.95347929000854,
        384.9122362136841,
        271.31982135772705,
        376.0891008377075,
        291.760840177536,
        299.36225843429565,
        258.0908114910126,
        258.811936378479,
        324.0115990638733,
        355.7214603424072,
        344.17807960510254,
        350.0149476528168,
        317.248507976532,
        364.6034893989563,
        396.34686303138733,
        215.7036097049713,
        213.9330449104309,
        224.7974226474762,
        328.748797416687,
        369.2029221057892,
        378.4318046569824,
        319.7360908985138,
        368.51599287986755,
        223.48072838783264,
        216.67858791351318,
        339.89303183555603,
        238.24545788764954,
        248.23256945610046,
        285.34552693367004,
        365.90690541267395,
        381.11556029319763,
        216.1475932598114,
        214.22422218322754,
        308.1100652217865,
        203.6211075782776,
        362.5239655971527,
        351.3915457725525,
        360.5761046409607,
        242.4348886013031,
        366.6641707420349,
        350.2492265701294,
        373.9549469947815,
        293.90391993522644,
        228.81299495697021,
        360.13261222839355,
        758.6832320690155,
        226.43089079856873,
        330.1007344722748,
        278.4162497520447
    ]
}