{
    "average_time": 306.9512951350212,
    "iter_times": [
        279.7597727775574,
        293.64009642601013,
        253.8399486541748,
        239.7725546360016,
        267.72957253456116,
        319.6910638809204,
        248.3798201084137,
        253.18958854675293,
        241.18038988113403,
        265.83418440818787,
        244.06560158729553,
        357.61940479278564,
        351.25498604774475,
        260.26429319381714,
        313.6788868904114,
        286.1540460586548,
        265.41809844970703,
        293.2301299571991,
        292.28784680366516,
        255.4780580997467,
        302.8472349643707,
        294.96201944351196,
        228.2304403781891,
        298.6361651420593,
        292.7677118778229,
        276.6345670223236,
        252.28028202056885,
        290.6836051940918,
        265.7762553691864,
        298.21573090553284,
        283.72230863571167,
        323.06141805648804,
        256.6070284843445,
        291.1234188079834,
        348.3895797729492,
        331.1643760204315,
        344.69839358329773,
        355.541983127594,
        274.4311399459839,
        366.4246129989624,
        266.9642593860626,
        350.20779156684875,
        253.02590823173523,
        370.03898429870605,
        204.5088336467743,
        356.6026175022125,
        245.89325547218323,
        289.8645770549774,
        398.1077823638916,
        218.1784851551056,
        234.23967266082764,
        277.5254316329956,
        381.88022351264954,
        208.32931089401245,
        385.60395407676697,
        369.8369810581207,
        276.4524350166321,
        273.6647946834564,
        324.8818452358246,
        257.62035059928894,
        252.99945282936096,
        350.3352837562561,
        349.4227330684662,
        315.47049164772034,
        356.8275134563446,
        348.39649176597595,
        241.72009992599487,
        358.5359745025635,
        348.83214044570923,
        327.25541067123413,
        357.7016181945801,
        370.69119143486023,
        345.1411249637604,
        322.2819139957428,
        334.54878854751587,
        325.0316541194916,
        382.0638656616211,
        368.2688660621643,
        354.8184037208557,
        312.2161355018616,
        331.8310708999634,
        212.76874446868896,
        214.28899765014648,
        285.49724197387695,
        367.4329397678375,
        337.7695257663727,
        350.8679738044739,
        360.2809090614319,
        367.8134939670563,
        268.2328715324402,
        253.44580459594727,
        273.3427767753601,
        373.0239586830139,
        419.32453513145447,
        306.4184401035309,
        765.2584986686707,
        297.1978039741516,
        194.25754165649414,
        299.0835876464844,
        192.3395335674286
    ]
}