{
    "average_time": 306.6915105772018,
    "iter_times": [
        260.68205547332764,
        298.07576036453247,
        245.5451602935791,
        233.3407323360443,
        277.31773018836975,
        309.3730685710907,
        288.4516644477844,
        253.7979862689972,
        311.7044520378113,
        347.70917320251465,
        366.8332326412201,
        352.91458439826965,
        365.2282466888428,
        288.6146569252014,
        233.50694870948792,
        256.34010434150696,
        274.05938935279846,
        281.47829484939575,
        301.84883642196655,
        238.61668467521667,
        291.36509227752686,
        321.0272068977356,
        246.31171250343323,
        293.0679085254669,
        292.5812084674835,
        253.8157992362976,
        295.9863348007202,
        293.7811584472656,
        269.9925127029419,
        277.49693393707275,
        308.6094026565552,
        366.83791184425354,
        362.31402683258057,
        326.0167589187622,
        273.9069266319275,
        343.3325774669647,
        269.1362154483795,
        363.9444622993469,
        256.2696416378021,
        258.8472535610199,
        359.6379294395447,
        371.4467806816101,
        334.64122796058655,
        377.8060989379883,
        222.29004907608032,
        354.783575296402,
        224.91173338890076,
        247.47733616828918,
        253.9578583240509,
        271.6020596027374,
        280.2517635822296,
        278.67982292175293,
        370.68755984306335,
        219.87400937080383,
        361.5545952320099,
        249.44336247444153,
        249.20844054222107,
        239.0750389099121,
        323.5169348716736,
        359.99240493774414,
        294.4038736820221,
        326.2913112640381,
        287.76600551605225,
        346.43450450897217,
        349.9219796657562,
        359.09746861457825,
        217.01300048828125,
        220.78527164459229,
        346.8837196826935,
        330.85575890541077,
        355.6612722873688,
        373.0396263599396,
        215.8921992778778,
        388.13183522224426,
        274.68436670303345,
        221.51352310180664,
        354.71986865997314,
        373.7602963447571,
        373.4637234210968,
        316.05623507499695,
        369.78846406936646,
        309.40516686439514,
        387.0841557979584,
        255.70320630073547,
        366.0957624912262,
        238.3897647857666,
        351.37119793891907,
        358.13752150535583,
        331.0028398036957,
        244.75072574615479,
        278.2200405597687,
        370.62154245376587,
        377.88304471969604,
        225.9041154384613,
        224.40547633171082,
        357.9125096797943,
        755.0848684310913,
        253.51311922073364,
        321.04253339767456,
        265.5407729148865
    ]
}