{
    "average_time": 0.08451171159744263,
    "iter_times": [
        3.581868886947632,
        0.05591750144958496,
        0.055951833724975586,
        0.05385875701904297,
        0.05037999153137207,
        0.04450106620788574,
        0.04816126823425293,
        0.044211387634277344,
        0.05098247528076172,
        0.042064666748046875,
        0.044225215911865234,
        0.04307723045349121,
        0.04526829719543457,
        0.04387402534484863,
        0.0434572696685791,
        0.04436802864074707,
        0.04529094696044922,
        0.046274662017822266,
        0.04663801193237305,
        0.04398298263549805,
        0.04671430587768555,
        0.04538917541503906,
        0.049275875091552734,
        0.04947090148925781,
        0.04916238784790039,
        0.04738330841064453,
        0.04587364196777344,
        0.047652244567871094,
        0.0464785099029541,
        0.04763674736022949,
        0.04897308349609375,
        0.047545433044433594,
        0.04671144485473633,
        0.04482698440551758,
        0.04911947250366211,
        0.04459214210510254,
        0.0531160831451416,
        0.0481724739074707,
        0.04488062858581543,
        0.046167612075805664,
        0.04807686805725098,
        0.051633358001708984,
        0.04546976089477539,
        0.048332929611206055,
        0.044525146484375,
        0.045152902603149414,
        0.04900765419006348,
        0.046651363372802734,
        0.04777336120605469,
        0.04679274559020996,
        0.04766082763671875,
        0.047586679458618164,
        0.04745841026306152,
        0.04484367370605469,
        0.046570777893066406,
        0.04589247703552246,
        0.04271984100341797,
        0.0435941219329834,
        0.04389667510986328,
        0.046398162841796875,
        0.048043012619018555,
        0.048828125,
        0.05024981498718262,
        0.04828023910522461,
        0.05289816856384277,
        0.053853511810302734,
        0.05115866661071777,
        0.04669356346130371,
        0.048896074295043945,
        0.05115962028503418,
        0.0531315803527832,
        0.057497501373291016,
        0.05363321304321289,
        0.050759315490722656,
        0.048918724060058594,
        0.05142378807067871,
        0.05323505401611328,
        0.05397319793701172,
        0.048804283142089844,
        0.05059981346130371,
        0.05292534828186035,
        0.05403757095336914,
        0.05176806449890137,
        0.051984548568725586,
        0.04860210418701172,
        0.05536150932312012,
        0.055870771408081055,
        0.05318474769592285,
        0.053076744079589844,
        0.04877352714538574,
        0.05311417579650879,
        0.05809831619262695,
        0.056719303131103516,
        0.052709102630615234,
        0.04909539222717285,
        0.055325984954833984,
        0.04979515075683594,
        0.05241870880126953,
        0.04880666732788086,
        0.07393145561218262
    ]
}