{
    "average_time": 310.8100887608528,
    "iter_times": [
        212.7087049484253,
        295.2601191997528,
        286.9772675037384,
        262.8399453163147,
        321.012943983078,
        296.94663071632385,
        252.4195272922516,
        365.15399527549744,
        308.5713572502136,
        294.68917870521545,
        247.79445791244507,
        356.3182067871094,
        352.4395081996918,
        294.30324244499207,
        243.63887286186218,
        296.2058095932007,
        294.9605860710144,
        283.2305369377136,
        293.77818059921265,
        263.3089859485626,
        289.1768605709076,
        271.73546528816223,
        238.47588109970093,
        294.85910630226135,
        292.08392786979675,
        306.44321060180664,
        241.55969095230103,
        289.3085219860077,
        269.1957194805145,
        296.28758335113525,
        277.2890090942383,
        266.96080708503723,
        323.71236181259155,
        306.85787653923035,
        345.79519987106323,
        330.9050359725952,
        342.309175491333,
        364.5506064891815,
        335.0513346195221,
        316.54986453056335,
        279.3384165763855,
        329.69833517074585,
        281.16199564933777,
        334.2190773487091,
        340.39860486984253,
        404.01242113113403,
        260.3507127761841,
        263.6489324569702,
        385.88107800483704,
        273.2753162384033,
        216.96873545646667,
        280.6217107772827,
        369.1456744670868,
        221.70558905601501,
        362.5006101131439,
        346.0339457988739,
        354.5251078605652,
        286.0036680698395,
        299.2324888706207,
        369.34545516967773,
        324.7826075553894,
        318.77885246276855,
        345.8243741989136,
        352.6129240989685,
        356.90689969062805,
        392.44855260849,
        252.39185762405396,
        251.77925634384155,
        260.741183757782,
        354.02868127822876,
        374.3745307922363,
        375.30911779403687,
        259.68425035476685,
        367.9916744232178,
        292.85968923568726,
        280.80395460128784,
        273.8539364337921,
        309.668333530426,
        253.97657775878906,
        289.0145387649536,
        363.7139391899109,
        356.2691020965576,
        321.7626826763153,
        219.16964745521545,
        363.3070447444916,
        359.70486664772034,
        354.35105776786804,
        362.48361372947693,
        370.36817264556885,
        316.7422180175781,
        303.1450848579407,
        379.8354847431183,
        418.4209702014923,
        362.02137517929077,
        368.0025999546051,
        572.751467704773,
        330.1391088962555,
        220.80212926864624,
        207.31568908691406,
        163.1376554965973
    ]
}