{
    "average_time": 0.08777040004730224,
    "iter_times": [
        4.04513144493103,
        0.05023002624511719,
        0.05826902389526367,
        0.04782676696777344,
        0.04738330841064453,
        0.04619622230529785,
        0.041719675064086914,
        0.04588031768798828,
        0.04393124580383301,
        0.04840850830078125,
        0.04294896125793457,
        0.04838109016418457,
        0.04585456848144531,
        0.04897499084472656,
        0.04897570610046387,
        0.04220080375671387,
        0.05040574073791504,
        0.06149721145629883,
        0.04705500602722168,
        0.05047035217285156,
        0.047599077224731445,
        0.0465092658996582,
        0.045928001403808594,
        0.04821038246154785,
        0.05075716972351074,
        0.04580283164978027,
        0.04883146286010742,
        0.05223345756530762,
        0.04992270469665527,
        0.050187110900878906,
        0.05972003936767578,
        0.04632711410522461,
        0.043679237365722656,
        0.048201799392700195,
        0.052301645278930664,
        0.04663228988647461,
        0.04803156852722168,
        0.047101736068725586,
        0.04548192024230957,
        0.04730033874511719,
        0.05897378921508789,
        0.044641733169555664,
        0.042597293853759766,
        0.04375267028808594,
        0.042148590087890625,
        0.047298431396484375,
        0.04374384880065918,
        0.04279208183288574,
        0.0466618537902832,
        0.042838335037231445,
        0.06421494483947754,
        0.04850912094116211,
        0.04565691947937012,
        0.044144392013549805,
        0.04543495178222656,
        0.0430140495300293,
        0.04240727424621582,
        0.05475282669067383,
        0.04499483108520508,
        0.04596376419067383,
        0.04413795471191406,
        0.044026851654052734,
        0.04346942901611328,
        0.05698585510253906,
        0.04655194282531738,
        0.045813560485839844,
        0.04679727554321289,
        0.04443836212158203,
        0.04502129554748535,
        0.045122623443603516,
        0.04794001579284668,
        0.04316401481628418,
        0.04714179039001465,
        0.045416831970214844,
        0.046651601791381836,
        0.044779062271118164,
        0.046993255615234375,
        0.04515719413757324,
        0.05052375793457031,
        0.04673266410827637,
        0.0454256534576416,
        0.04651141166687012,
        0.04849433898925781,
        0.04507184028625488,
        0.0455470085144043,
        0.04641914367675781,
        0.046301841735839844,
        0.05484962463378906,
        0.04713582992553711,
        0.05887460708618164,
        0.04499006271362305,
        0.04588603973388672,
        0.04642200469970703,
        0.049683570861816406,
        0.049356937408447266,
        0.04778480529785156,
        0.05090975761413574,
        0.05001354217529297,
        0.05878853797912598,
        0.05466628074645996
    ]
}