{
    "average_time": 0.08915445566177368,
    "iter_times": [
        3.5215003490448,
        0.05169391632080078,
        0.048963308334350586,
        0.051653385162353516,
        0.05523276329040527,
        0.05321073532104492,
        0.051827192306518555,
        0.04816865921020508,
        0.05687427520751953,
        0.05386161804199219,
        0.05282330513000488,
        0.05325818061828613,
        0.05176568031311035,
        0.05055999755859375,
        0.04857230186462402,
        0.04909038543701172,
        0.052171945571899414,
        0.052181243896484375,
        0.05300760269165039,
        0.0520780086517334,
        0.05192160606384277,
        0.05026745796203613,
        0.051436424255371094,
        0.05462384223937988,
        0.05110430717468262,
        0.05442976951599121,
        0.05461716651916504,
        0.054528236389160156,
        0.05429482460021973,
        0.05079197883605957,
        0.04761028289794922,
        0.060456037521362305,
        0.051584482192993164,
        0.050334930419921875,
        0.05224943161010742,
        0.048870086669921875,
        0.05210685729980469,
        0.052111148834228516,
        0.05294084548950195,
        0.05360245704650879,
        0.04892134666442871,
        0.05105996131896973,
        0.047257184982299805,
        0.04959511756896973,
        0.04994988441467285,
        0.04705810546875,
        0.04846453666687012,
        0.05094647407531738,
        0.051210641860961914,
        0.04866647720336914,
        0.049275875091552734,
        0.05210471153259277,
        0.05237722396850586,
        0.04938459396362305,
        0.05685114860534668,
        0.05149650573730469,
        0.056029558181762695,
        0.058213233947753906,
        0.054143428802490234,
        0.050015926361083984,
        0.0780942440032959,
        0.05060577392578125,
        0.058243513107299805,
        0.0548403263092041,
        0.05571603775024414,
        0.05230855941772461,
        0.05439043045043945,
        0.056307315826416016,
        0.05016350746154785,
        0.0499882698059082,
        0.05745744705200195,
        0.05688190460205078,
        0.05728006362915039,
        0.060156822204589844,
        0.06549859046936035,
        0.05845785140991211,
        0.06579709053039551,
        0.060632944107055664,
        0.05210280418395996,
        0.06028103828430176,
        0.06034278869628906,
        0.06492352485656738,
        0.06428337097167969,
        0.07594561576843262,
        0.0494084358215332,
        0.059352874755859375,
        0.06348514556884766,
        0.06979155540466309,
        0.06284809112548828,
        0.057099103927612305,
        0.05081367492675781,
        0.05785655975341797,
        0.06161212921142578,
        0.055077552795410156,
        0.05303025245666504,
        0.06118464469909668,
        0.04761838912963867,
        0.05777454376220703,
        0.05397152900695801,
        0.052422285079956055
    ]
}