{
    "average_time": 0.081588454246521,
    "iter_times": [
        3.87359881401062,
        0.045125722885131836,
        0.05445098876953125,
        0.04350614547729492,
        0.048004150390625,
        0.04719281196594238,
        0.044327497482299805,
        0.040761709213256836,
        0.04125618934631348,
        0.03904438018798828,
        0.038619041442871094,
        0.03918719291687012,
        0.03969907760620117,
        0.03902792930603027,
        0.038964271545410156,
        0.040073394775390625,
        0.041686058044433594,
        0.03974318504333496,
        0.042508840560913086,
        0.0410459041595459,
        0.039526939392089844,
        0.042078256607055664,
        0.04305553436279297,
        0.039583444595336914,
        0.04355740547180176,
        0.04082012176513672,
        0.04193520545959473,
        0.039630889892578125,
        0.04412484169006348,
        0.04440450668334961,
        0.04123497009277344,
        0.04404163360595703,
        0.04440188407897949,
        0.0441591739654541,
        0.05265688896179199,
        0.041049957275390625,
        0.04196476936340332,
        0.041841983795166016,
        0.041098833084106445,
        0.03959536552429199,
        0.04349327087402344,
        0.04097747802734375,
        0.04115867614746094,
        0.03959512710571289,
        0.04076242446899414,
        0.041741132736206055,
        0.04057049751281738,
        0.04132437705993652,
        0.039377689361572266,
        0.04065656661987305,
        0.04071998596191406,
        0.042067766189575195,
        0.04192996025085449,
        0.042897939682006836,
        0.0420536994934082,
        0.041190147399902344,
        0.04120755195617676,
        0.04099011421203613,
        0.04330921173095703,
        0.04321599006652832,
        0.04303264617919922,
        0.04166126251220703,
        0.04640340805053711,
        0.05188155174255371,
        0.04621744155883789,
        0.04415488243103027,
        0.0434112548828125,
        0.04382133483886719,
        0.04324054718017578,
        0.04337573051452637,
        0.04459834098815918,
        0.046448707580566406,
        0.04378461837768555,
        0.043847084045410156,
        0.04325151443481445,
        0.045548200607299805,
        0.043906211853027344,
        0.041637420654296875,
        0.043967485427856445,
        0.04194331169128418,
        0.04308152198791504,
        0.04554390907287598,
        0.04486370086669922,
        0.04357433319091797,
        0.04616117477416992,
        0.04539203643798828,
        0.04624223709106445,
        0.044425010681152344,
        0.043201446533203125,
        0.04329800605773926,
        0.04296255111694336,
        0.05460166931152344,
        0.04539299011230469,
        0.04283332824707031,
        0.04165959358215332,
        0.043912410736083984,
        0.04332709312438965,
        0.047482967376708984,
        0.049010276794433594,
        0.05792069435119629
    ]
}