{
    "average_time": 299.25606941223145,
    "iter_times": [
        198.71190667152405,
        260.51481199264526,
        257.4645195007324,
        236.0526201725006,
        229.6209967136383,
        300.8112905025482,
        271.799124956131,
        277.6439414024353,
        252.89485549926758,
        284.5087766647339,
        252.30818700790405,
        382.97085642814636,
        258.16378831863403,
        288.87074184417725,
        309.29378843307495,
        367.14752435684204,
        255.70379376411438,
        295.14896726608276,
        292.7791633605957,
        286.00734281539917,
        257.1187264919281,
        274.5795946121216,
        266.60949182510376,
        317.15085649490356,
        273.6125419139862,
        292.0038514137268,
        253.67219352722168,
        275.6696457862854,
        290.28721499443054,
        296.5800633430481,
        275.61607456207275,
        268.79152178764343,
        309.81576228141785,
        297.79023027420044,
        283.0052697658539,
        303.58361053466797,
        357.2649817466736,
        307.5448205471039,
        297.3279893398285,
        305.6061141490936,
        273.6941885948181,
        305.4254746437073,
        283.8969554901123,
        345.38630986213684,
        233.54799222946167,
        273.64520597457886,
        243.77266001701355,
        252.1854875087738,
        351.7196681499481,
        381.3333830833435,
        253.10161185264587,
        263.1744236946106,
        394.1309232711792,
        221.21558213233948,
        367.472953081131,
        254.09521198272705,
        226.50478267669678,
        302.4517767429352,
        247.87298440933228,
        278.25320076942444,
        220.85478734970093,
        330.67815589904785,
        355.8922863006592,
        297.9624283313751,
        295.60153222084045,
        341.69421911239624,
        212.35634303092957,
        287.498831987381,
        299.5750913619995,
        246.19201350212097,
        392.9789927005768,
        385.9837646484375,
        227.69668769836426,
        293.20753169059753,
        219.23807787895203,
        371.3157694339752,
        279.27818298339844,
        280.9750235080719,
        353.0412368774414,
        321.17480301856995,
        373.9052743911743,
        337.07052397727966,
        322.37156891822815,
        249.97095942497253,
        274.64327788352966,
        219.11829233169556,
        389.3882899284363,
        383.98428082466125,
        301.7913613319397,
        299.83379340171814,
        324.40140748023987,
        279.78025794029236,
        371.4141025543213,
        368.9824388027191,
        277.7079744338989,
        314.9093255996704,
        324.04292583465576,
        301.906690120697,
        361.674054145813,
        720.5860531330109
    ]
}