{
    "average_time": 305.3099083065987,
    "iter_times": [
        198.47605752944946,
        236.54131650924683,
        261.3730993270874,
        255.8851273059845,
        261.98111605644226,
        299.55737137794495,
        324.2304267883301,
        261.0474853515625,
        258.82007002830505,
        363.9009747505188,
        261.2266962528229,
        368.81407594680786,
        280.07401418685913,
        300.5786588191986,
        350.6764087677002,
        239.0548391342163,
        302.0321681499481,
        293.63940477371216,
        291.3910667896271,
        262.1080963611603,
        263.4926550388336,
        279.85330843925476,
        254.30099964141846,
        309.1513671875,
        284.932377576828,
        268.6035087108612,
        246.69217205047607,
        271.39222860336304,
        266.5927815437317,
        295.36817383766174,
        297.41030764579773,
        260.7627389431,
        296.88736629486084,
        320.6805212497711,
        255.91084814071655,
        313.599805355072,
        332.7493438720703,
        343.20302629470825,
        284.7899181842804,
        286.14546394348145,
        349.0831217765808,
        318.1185474395752,
        286.1639893054962,
        379.0344784259796,
        270.89090609550476,
        377.3740346431732,
        225.2106056213379,
        212.36091470718384,
        266.0663697719574,
        226.35387206077576,
        350.2467453479767,
        341.5814723968506,
        386.64829087257385,
        215.64523196220398,
        380.02750968933105,
        341.86636757850647,
        271.9326341152191,
        284.7022225856781,
        242.952565908432,
        398.66147112846375,
        223.6614272594452,
        245.36461782455444,
        350.27098298072815,
        347.00759530067444,
        343.99655175209045,
        353.70756697654724,
        265.17620635032654,
        346.77460384368896,
        222.147686958313,
        383.1111853122711,
        397.60431456565857,
        354.6824378967285,
        215.99224877357483,
        219.86593580245972,
        268.9262502193451,
        262.46066403388977,
        335.2227325439453,
        399.4050817489624,
        246.78705739974976,
        331.4577329158783,
        384.667742729187,
        310.88400506973267,
        365.05732107162476,
        353.5713860988617,
        357.41410517692566,
        338.19001483917236,
        370.2897148132324,
        351.3997621536255,
        246.49923539161682,
        270.55284547805786,
        342.778662443161,
        377.5146553516388,
        370.4974579811096,
        276.11463594436646,
        230.70427680015564,
        331.1258499622345,
        362.25518226623535,
        700.2158629894257,
        335.5436656475067,
        213.2428297996521
    ]
}