{
    "average_time": 0.09128470659255981,
    "iter_times": [
        3.526015281677246,
        0.047186851501464844,
        0.05824851989746094,
        0.05252885818481445,
        0.05346846580505371,
        0.06231880187988281,
        0.05420279502868652,
        0.06073260307312012,
        0.058115243911743164,
        0.054143428802490234,
        0.04815840721130371,
        0.05955767631530762,
        0.07006263732910156,
        0.05797839164733887,
        0.05431079864501953,
        0.0579066276550293,
        0.05228996276855469,
        0.049773216247558594,
        0.06088685989379883,
        0.054067134857177734,
        0.05211758613586426,
        0.051967620849609375,
        0.05152606964111328,
        0.05511593818664551,
        0.05418658256530762,
        0.06194162368774414,
        0.06289887428283691,
        0.059691667556762695,
        0.0596466064453125,
        0.05482125282287598,
        0.05576276779174805,
        0.06427764892578125,
        0.054377079010009766,
        0.07046270370483398,
        0.05306696891784668,
        0.04660987854003906,
        0.0537104606628418,
        0.05218911170959473,
        0.056708335876464844,
        0.054859161376953125,
        0.04881596565246582,
        0.04656338691711426,
        0.04680156707763672,
        0.06511068344116211,
        0.0529017448425293,
        0.051151275634765625,
        0.05474448204040527,
        0.053868770599365234,
        0.05378222465515137,
        0.05171346664428711,
        0.057473182678222656,
        0.05469393730163574,
        0.05641674995422363,
        0.0556640625,
        0.05728936195373535,
        0.058058977127075195,
        0.05926942825317383,
        0.054795265197753906,
        0.058890342712402344,
        0.05531477928161621,
        0.05043363571166992,
        0.05761003494262695,
        0.05189847946166992,
        0.05121636390686035,
        0.059388160705566406,
        0.052124977111816406,
        0.060114145278930664,
        0.05339384078979492,
        0.0528566837310791,
        0.05423092842102051,
        0.05169510841369629,
        0.06481361389160156,
        0.06497931480407715,
        0.058409690856933594,
        0.06825423240661621,
        0.06014204025268555,
        0.05804777145385742,
        0.05903148651123047,
        0.05766439437866211,
        0.05854225158691406,
        0.06183362007141113,
        0.06337666511535645,
        0.06127190589904785,
        0.0630793571472168,
        0.050646066665649414,
        0.06415557861328125,
        0.07216262817382812,
        0.05552935600280762,
        0.05435609817504883,
        0.049736738204956055,
        0.05420327186584473,
        0.054262638092041016,
        0.05712532997131348,
        0.05242419242858887,
        0.05124664306640625,
        0.04855084419250488,
        0.07672977447509766,
        0.049108028411865234,
        0.08291459083557129,
        0.049700021743774414
    ]
}