{
    "average_time": 0.08925286054611206,
    "iter_times": [
        3.466779947280884,
        0.048699378967285156,
        0.04136776924133301,
        0.04273509979248047,
        0.0455477237701416,
        0.05257391929626465,
        0.05347847938537598,
        0.05394625663757324,
        0.05905795097351074,
        0.04729294776916504,
        0.05003166198730469,
        0.055948734283447266,
        0.05319690704345703,
        0.057663917541503906,
        0.04738593101501465,
        0.050994157791137695,
        0.05474686622619629,
        0.05195784568786621,
        0.057935476303100586,
        0.04929661750793457,
        0.05001044273376465,
        0.0530545711517334,
        0.051664113998413086,
        0.06091451644897461,
        0.05262899398803711,
        0.05368494987487793,
        0.055051326751708984,
        0.05686521530151367,
        0.05198407173156738,
        0.04835844039916992,
        0.05745387077331543,
        0.05177736282348633,
        0.05478978157043457,
        0.05376434326171875,
        0.05052614212036133,
        0.05000114440917969,
        0.0512847900390625,
        0.05818295478820801,
        0.05025959014892578,
        0.052405595779418945,
        0.05165457725524902,
        0.05226612091064453,
        0.05209517478942871,
        0.0527186393737793,
        0.05070781707763672,
        0.05185127258300781,
        0.05635952949523926,
        0.057576894760131836,
        0.04848361015319824,
        0.049651384353637695,
        0.04637885093688965,
        0.04741501808166504,
        0.056162357330322266,
        0.04845547676086426,
        0.04982471466064453,
        0.04714846611022949,
        0.052443742752075195,
        0.05224204063415527,
        0.051334381103515625,
        0.05105161666870117,
        0.04784369468688965,
        0.05144762992858887,
        0.05534052848815918,
        0.05632185935974121,
        0.056981801986694336,
        0.05456995964050293,
        0.051517486572265625,
        0.04938864707946777,
        0.04686784744262695,
        0.052289485931396484,
        0.05649971961975098,
        0.051473379135131836,
        0.05590510368347168,
        0.06275820732116699,
        0.05306529998779297,
        0.051785945892333984,
        0.052294254302978516,
        0.07020211219787598,
        0.053018808364868164,
        0.055875301361083984,
        0.06428956985473633,
        0.0729970932006836,
        0.05762815475463867,
        0.05803084373474121,
        0.061980247497558594,
        0.05510592460632324,
        0.10302972793579102,
        0.06808733940124512,
        0.07569289207458496,
        0.07895421981811523,
        0.08655309677124023,
        0.059308767318725586,
        0.07109355926513672,
        0.052670955657958984,
        0.051372528076171875,
        0.05724000930786133,
        0.06698727607727051,
        0.058042287826538086,
        0.06096386909484863,
        0.04868912696838379
    ]
}